feature,coefficient,abs_coef
version_1,198826149.12323993,198826149.12323993
